tempo,cpu_percent,uso_memoria,mem_usada,mem_disponivel
1727548111.989854,3.7,44.0,17.475345611572266,22.26565170288086
1727548113.9951978,3.1,44.0,17.470157623291016,22.27083969116211
